packet_id,packet_len,tcp_payload_len,parse_cycles,parse_us,extraction_cycles,extraction_us,prediction_cycles,prediction_us,total_cycles,total_us,prediction
4,187,121,30,0.037202,187,0.231895,7,0.008681,502,0.622520,0.000000000
8,187,121,30,0.037202,136,0.168651,8,0.009921,535,0.663442,0.000000000
11,187,121,25,0.031002,147,0.182292,8,0.009921,685,0.849454,0.000000000
14,187,121,25,0.031002,140,0.173611,9,0.011161,416,0.515873,0.000000000
17,187,121,84,0.104167,103,0.127728,8,0.009921,576,0.714286,0.000000000
23,187,121,25,0.031002,164,0.203373,7,0.008681,502,0.622520,0.000000000
26,187,121,81,0.100446,147,0.182292,10,0.012401,651,0.807292,0.000000000
29,187,121,36,0.044643,109,0.135169,9,0.011161,561,0.695685,0.000000000
32,187,121,77,0.095486,126,0.156250,10,0.012401,472,0.585317,0.000000000
35,187,121,38,0.047123,101,0.125248,8,0.009921,557,0.690724,0.000000000
41,187,121,90,0.111607,170,0.210813,9,0.011161,468,0.580357,0.000000000
44,187,121,31,0.038442,65,0.080605,10,0.012401,304,0.376984,0.000000000
47,187,121,74,0.091766,113,0.140129,9,0.011161,512,0.634921,0.000000000
50,187,121,29,0.035962,107,0.132688,8,0.009921,207,0.256696,0.000000000
53,187,121,114,0.141369,114,0.141369,7,0.008681,439,0.544395,0.000000000
59,187,121,36,0.044643,118,0.146329,10,0.012401,449,0.556796,0.000000000
62,187,121,36,0.044643,103,0.127728,8,0.009921,384,0.476190,0.000000000
65,187,121,32,0.039683,164,0.203373,8,0.009921,343,0.425347,0.000000000
68,187,121,139,0.172371,116,0.143849,9,0.011161,640,0.793651,0.000000000
71,187,121,25,0.031002,170,0.210813,8,0.009921,483,0.598958,0.000000000
77,187,121,101,0.125248,174,0.215774,9,0.011161,456,0.565476,0.000000000
80,187,121,29,0.035962,107,0.132688,9,0.011161,518,0.642361,0.000000000
83,187,121,40,0.049603,126,0.156250,10,0.012401,448,0.555556,0.000000000
86,187,121,108,0.133929,86,0.106647,10,0.012401,592,0.734127,0.000000000
89,187,121,101,0.125248,92,0.114087,9,0.011161,426,0.528274,0.000000000
95,187,121,111,0.137649,175,0.217014,9,0.011161,489,0.606399,0.000000000
98,187,121,29,0.035962,174,0.215774,8,0.009921,679,0.842014,0.000000000
101,187,121,97,0.120288,139,0.172371,8,0.009921,730,0.905258,0.000000000
104,187,121,23,0.028522,84,0.104167,9,0.011161,603,0.747768,0.000000000
107,187,121,77,0.095486,136,0.168651,8,0.009921,454,0.562996,0.000000000
113,187,121,30,0.037202,97,0.120288,10,0.012401,439,0.544395,0.000000000
116,187,121,23,0.028522,74,0.091766,8,0.009921,397,0.492312,0.000000000
119,187,121,86,0.106647,134,0.166171,8,0.009921,437,0.541915,0.000000000
122,187,121,29,0.035962,82,0.101687,8,0.009921,430,0.533234,0.000000000
125,187,121,31,0.038442,92,0.114087,8,0.009921,441,0.546875,0.000000000
131,187,121,28,0.034722,67,0.083085,8,0.009921,322,0.399306,0.000000000
134,187,121,31,0.038442,120,0.148810,8,0.009921,519,0.643601,0.000000000
137,187,121,32,0.039683,88,0.109127,7,0.008681,537,0.665923,0.000000000
140,187,121,23,0.028522,84,0.104167,8,0.009921,556,0.689484,0.000000000
143,187,121,30,0.037202,105,0.130208,8,0.009921,546,0.677083,0.000000000
149,187,121,25,0.031002,181,0.224454,8,0.009921,646,0.801091,0.000000000
152,187,121,19,0.023562,96,0.119048,8,0.009921,609,0.755208,0.000000000
155,187,121,36,0.044643,231,0.286458,8,0.009921,739,0.916419,0.000000000
158,187,121,17,0.021081,95,0.117808,9,0.011161,565,0.700645,0.000000000
161,187,121,23,0.028522,187,0.231895,8,0.009921,578,0.716766,0.000000000
167,187,121,26,0.032242,216,0.267857,9,0.011161,602,0.746528,0.000000000
170,187,121,113,0.140129,36,0.044643,8,0.009921,511,0.633681,0.000000000
173,187,121,25,0.031002,175,0.217014,10,0.012401,609,0.755208,0.000000000
176,187,121,23,0.028522,82,0.101687,8,0.009921,397,0.492312,0.000000000
179,187,121,25,0.031002,84,0.104167,8,0.009921,301,0.373264,0.000000000
185,187,121,24,0.029762,153,0.189732,9,0.011161,596,0.739087,0.000000000
188,187,121,17,0.021081,162,0.200893,10,0.012401,583,0.722966,0.000000000
191,187,121,26,0.032242,179,0.221974,9,0.011161,346,0.429067,0.000000000
194,187,121,18,0.022321,99,0.122768,9,0.011161,525,0.651042,0.000000000
197,187,121,23,0.028522,212,0.262897,8,0.009921,548,0.679563,0.000000000
203,187,121,86,0.106647,160,0.198413,8,0.009921,564,0.699405,0.000000000
206,187,121,19,0.023562,67,0.083085,10,0.012401,348,0.431548,0.000000000
209,187,121,101,0.125248,166,0.205853,8,0.009921,703,0.871776,0.000000000
212,187,121,16,0.019841,63,0.078125,9,0.011161,497,0.616319,0.000000000
215,187,121,27,0.033482,141,0.174851,10,0.012401,656,0.813492,0.000000000
221,187,121,30,0.037202,160,0.198413,9,0.011161,540,0.669643,0.000000000
224,187,121,61,0.075645,115,0.142609,7,0.008681,582,0.721726,0.000000000
227,187,121,18,0.022321,140,0.173611,9,0.011161,493,0.611359,0.000000000
230,187,121,91,0.112847,122,0.151290,8,0.009921,305,0.378224,0.000000000
233,187,121,74,0.091766,110,0.136409,9,0.011161,495,0.613839,0.000000000
239,187,121,31,0.038442,229,0.283978,9,0.011161,328,0.406746,0.000000000
242,187,121,233,0.288938,126,0.156250,9,0.011161,680,0.843254,0.000000000
245,187,121,21,0.026042,97,0.120288,11,0.013641,800,0.992063,0.000000000
248,187,121,21,0.026042,95,0.117808,10,0.012401,569,0.705605,0.000000000
251,187,121,25,0.031002,107,0.132688,10,0.012401,542,0.672123,0.000000000
257,187,121,25,0.031002,276,0.342262,9,0.011161,670,0.830853,0.000000000
260,187,121,29,0.035962,118,0.146329,8,0.009921,519,0.643601,0.000000000
263,187,121,94,0.116567,126,0.156250,8,0.009921,474,0.587798,0.000000000
266,187,121,100,0.124008,90,0.111607,8,0.009921,502,0.622520,0.000000000
269,187,121,36,0.044643,154,0.190972,9,0.011161,544,0.674603,0.000000000
275,187,121,36,0.044643,268,0.332341,9,0.011161,823,1.020585,0.000000000
278,187,121,29,0.035962,97,0.120288,8,0.009921,425,0.527034,0.000000000
281,187,121,71,0.088046,99,0.122768,10,0.012401,492,0.610119,0.000000000
284,187,121,112,0.138889,221,0.274058,7,0.008681,500,0.620040,0.000000000
287,187,121,17,0.021081,204,0.252976,9,0.011161,466,0.577877,0.000000000
293,187,121,30,0.037202,112,0.138889,7,0.008681,494,0.612599,0.000000000
296,187,121,80,0.099206,120,0.148810,8,0.009921,754,0.935020,0.000000000
299,187,121,29,0.035962,92,0.114087,8,0.009921,410,0.508433,0.000000000
302,187,121,23,0.028522,134,0.166171,10,0.012401,464,0.575397,0.000000000
305,187,121,13,0.016121,184,0.228175,8,0.009921,595,0.737847,0.000000000
311,187,121,33,0.040923,159,0.197173,10,0.012401,544,0.674603,0.000000000
314,187,121,23,0.028522,99,0.122768,9,0.011161,476,0.590278,0.000000000
317,187,121,29,0.035962,248,0.307540,9,0.011161,556,0.689484,0.000000000
320,187,121,17,0.021081,70,0.086806,7,0.008681,334,0.414187,0.000000000
323,187,121,25,0.031002,196,0.243056,9,0.011161,640,0.793651,0.000000000
329,187,121,32,0.039683,143,0.177331,9,0.011161,378,0.468750,0.000000000
332,187,121,88,0.109127,86,0.106647,9,0.011161,437,0.541915,0.000000000
335,187,121,105,0.130208,117,0.145089,8,0.009921,630,0.781250,0.000000000
338,187,121,32,0.039683,122,0.151290,7,0.008681,630,0.781250,0.000000000
341,187,121,33,0.040923,160,0.198413,9,0.011161,597,0.740327,0.000000000
347,187,121,29,0.035962,116,0.143849,9,0.011161,728,0.902778,0.000000000
350,187,121,26,0.032242,111,0.137649,10,0.012401,704,0.873016,0.000000000
353,187,121,19,0.023562,221,0.274058,9,0.011161,581,0.720486,0.000000000
356,187,121,110,0.136409,95,0.117808,10,0.012401,521,0.646081,0.000000000
359,187,121,200,0.248016,233,0.288938,10,0.012401,670,0.830853,0.000000000
365,187,121,31,0.038442,98,0.121528,8,0.009921,456,0.565476,0.000000000
368,187,121,30,0.037202,118,0.146329,9,0.011161,640,0.793651,0.000000000
371,187,121,29,0.035962,65,0.080605,10,0.012401,395,0.489831,0.000000000
374,187,121,17,0.021081,84,0.104167,9,0.011161,374,0.463790,0.000000000
377,187,121,29,0.035962,99,0.122768,9,0.011161,374,0.463790,0.000000000
383,187,121,32,0.039683,179,0.221974,11,0.013641,707,0.876736,0.000000000
386,187,121,29,0.035962,121,0.150050,10,0.012401,603,0.747768,0.000000000
389,187,121,25,0.031002,114,0.141369,9,0.011161,479,0.593998,0.000000000
392,187,121,25,0.031002,101,0.125248,10,0.012401,453,0.561756,0.000000000
395,187,121,28,0.034722,111,0.137649,7,0.008681,701,0.869296,0.000000000
401,187,121,28,0.034722,149,0.184772,8,0.009921,481,0.596478,0.000000000
404,187,121,149,0.184772,145,0.179812,8,0.009921,603,0.747768,0.000000000
407,187,121,25,0.031002,96,0.119048,8,0.009921,521,0.646081,0.000000000
410,187,121,23,0.028522,60,0.074405,8,0.009921,141,0.174851,0.000000000
413,187,121,25,0.031002,225,0.279018,8,0.009921,572,0.709325,0.000000000
419,187,121,29,0.035962,153,0.189732,8,0.009921,474,0.587798,0.000000000
422,187,121,23,0.028522,103,0.127728,9,0.011161,189,0.234375,0.000000000
425,187,121,35,0.043403,124,0.153770,7,0.008681,487,0.603919,0.000000000
428,187,121,71,0.088046,117,0.145089,8,0.009921,492,0.610119,0.000000000
431,187,121,25,0.031002,149,0.184772,10,0.012401,439,0.544395,0.000000000
437,187,121,25,0.031002,74,0.091766,10,0.012401,622,0.771329,0.000000000
440,187,121,95,0.117808,105,0.130208,10,0.012401,600,0.744048,0.000000000
443,187,121,19,0.023562,140,0.173611,10,0.012401,586,0.726687,0.000000000
446,187,121,35,0.043403,31,0.038442,10,0.012401,446,0.553075,0.000000000
449,187,121,26,0.032242,94,0.116567,10,0.012401,431,0.534474,0.000000000
455,187,121,94,0.116567,59,0.073165,8,0.009921,639,0.792411,0.000000000
458,187,121,90,0.111607,139,0.172371,9,0.011161,567,0.703125,0.000000000
461,187,121,17,0.021081,141,0.174851,7,0.008681,489,0.606399,0.000000000
464,187,121,17,0.021081,86,0.106647,10,0.012401,294,0.364583,0.000000000
467,187,121,25,0.031002,254,0.314980,10,0.012401,670,0.830853,0.000000000
473,187,121,23,0.028522,151,0.187252,10,0.012401,592,0.734127,0.000000000
476,187,121,23,0.028522,288,0.357143,9,0.011161,678,0.840774,0.000000000
479,187,121,71,0.088046,103,0.127728,8,0.009921,494,0.612599,0.000000000
482,187,121,84,0.104167,115,0.142609,8,0.009921,514,0.637401,0.000000000
485,187,121,25,0.031002,161,0.199653,8,0.009921,574,0.711806,0.000000000
491,187,121,34,0.042163,126,0.156250,8,0.009921,372,0.461310,0.000000000
494,187,121,168,0.208333,120,0.148810,9,0.011161,445,0.551835,0.000000000
497,187,121,27,0.033482,124,0.153770,10,0.012401,471,0.584077,0.000000000
500,187,121,99,0.122768,168,0.208333,9,0.011161,563,0.698165,0.000000000
503,187,121,24,0.029762,101,0.125248,9,0.011161,498,0.617560,0.000000000
509,187,121,17,0.021081,117,0.145089,10,0.012401,681,0.844494,0.000000000
512,187,121,18,0.022321,82,0.101687,9,0.011161,159,0.197173,0.000000000
515,187,121,26,0.032242,175,0.217014,8,0.009921,433,0.536954,0.000000000
518,187,121,27,0.033482,105,0.130208,9,0.011161,609,0.755208,0.000000000
521,187,121,96,0.119048,115,0.142609,9,0.011161,372,0.461310,0.000000000
527,187,121,31,0.038442,149,0.184772,9,0.011161,535,0.663442,0.000000000
530,187,121,183,0.226935,242,0.300099,9,0.011161,833,1.032986,0.000000000
533,187,121,40,0.049603,176,0.218254,10,0.012401,527,0.653522,0.000000000
536,187,121,36,0.044643,93,0.115327,9,0.011161,475,0.589038,0.000000000
539,187,121,40,0.049603,72,0.089286,9,0.011161,535,0.663442,0.000000000
545,187,121,35,0.043403,197,0.244296,8,0.009921,511,0.633681,0.000000000
548,187,121,25,0.031002,89,0.110367,9,0.011161,504,0.625000,0.000000000
551,187,121,26,0.032242,177,0.219494,10,0.012401,636,0.788690,0.000000000
554,187,121,32,0.039683,57,0.070685,10,0.012401,510,0.632440,0.000000000
557,187,121,19,0.023562,94,0.116567,10,0.012401,452,0.560516,0.000000000
563,187,121,26,0.032242,170,0.210813,10,0.012401,565,0.700645,0.000000000
566,187,121,19,0.023562,93,0.115327,11,0.013641,557,0.690724,0.000000000
569,187,121,27,0.033482,220,0.272817,10,0.012401,940,1.165675,0.000000000
572,187,121,19,0.023562,99,0.122768,8,0.009921,528,0.654762,0.000000000
575,187,121,54,0.066964,183,0.226935,9,0.011161,701,0.869296,0.000000000
581,187,121,25,0.031002,180,0.223214,10,0.012401,773,0.958581,0.000000000
584,187,121,40,0.049603,164,0.203373,11,0.013641,648,0.803571,0.000000000
587,187,121,96,0.119048,73,0.090526,8,0.009921,351,0.435268,0.000000000
590,187,121,24,0.029762,103,0.127728,10,0.012401,435,0.539435,0.000000000
593,187,121,44,0.054563,126,0.156250,8,0.009921,768,0.952381,0.000000000
599,187,121,32,0.039683,116,0.143849,7,0.008681,481,0.596478,0.000000000
602,187,121,71,0.088046,109,0.135169,9,0.011161,481,0.596478,0.000000000
605,187,121,24,0.029762,124,0.153770,8,0.009921,521,0.646081,0.000000000
608,187,121,93,0.115327,105,0.130208,8,0.009921,393,0.487351,0.000000000
611,187,121,31,0.038442,208,0.257937,9,0.011161,514,0.637401,0.000000000
617,187,121,23,0.028522,170,0.210813,10,0.012401,420,0.520833,0.000000000
620,187,121,102,0.126488,90,0.111607,10,0.012401,506,0.627480,0.000000000
623,187,121,23,0.028522,152,0.188492,9,0.011161,621,0.770089,0.000000000
626,187,121,58,0.071925,97,0.120288,7,0.008681,235,0.291419,0.000000000
629,187,121,28,0.034722,116,0.143849,9,0.011161,722,0.895337,0.000000000
635,187,121,23,0.028522,166,0.205853,9,0.011161,560,0.694444,0.000000000
638,187,121,23,0.028522,101,0.125248,10,0.012401,470,0.582837,0.000000000
641,187,121,29,0.035962,159,0.197173,9,0.011161,508,0.629960,0.000000000
644,187,121,23,0.028522,73,0.090526,7,0.008681,491,0.608879,0.000000000
647,187,121,32,0.039683,156,0.193452,9,0.011161,519,0.643601,0.000000000
653,187,121,48,0.059524,139,0.172371,11,0.013641,563,0.698165,0.000000000
656,187,121,19,0.023562,86,0.106647,9,0.011161,412,0.510913,0.000000000
659,187,121,31,0.038442,100,0.124008,10,0.012401,718,0.890377,0.000000000
662,187,121,26,0.032242,97,0.120288,8,0.009921,462,0.572917,0.000000000
665,187,121,40,0.049603,184,0.228175,10,0.012401,701,0.869296,0.000000000
671,187,121,33,0.040923,117,0.145089,8,0.009921,538,0.667163,0.000000000
674,187,121,19,0.023562,98,0.121528,8,0.009921,616,0.763889,0.000000000
677,187,121,39,0.048363,86,0.106647,8,0.009921,566,0.701885,0.000000000
680,187,121,29,0.035962,130,0.161210,8,0.009921,595,0.737847,0.000000000
683,187,121,30,0.037202,185,0.229415,10,0.012401,565,0.700645,0.000000000
689,187,121,38,0.047123,220,0.272817,8,0.009921,534,0.662202,0.000000000
692,187,121,32,0.039683,162,0.200893,8,0.009921,705,0.874256,0.000000000
695,187,121,44,0.054563,119,0.147569,9,0.011161,439,0.544395,0.000000000
698,187,121,27,0.033482,101,0.125248,10,0.012401,630,0.781250,0.000000000
701,187,121,126,0.156250,114,0.141369,8,0.009921,561,0.695685,0.000000000
707,187,121,38,0.047123,133,0.164931,8,0.009921,530,0.657242,0.000000000
710,187,121,32,0.039683,126,0.156250,10,0.012401,506,0.627480,0.000000000
713,187,121,33,0.040923,107,0.132688,10,0.012401,212,0.262897,0.000000000
716,187,121,36,0.044643,121,0.150050,11,0.013641,264,0.327381,0.000000000
719,187,121,122,0.151290,189,0.234375,10,0.012401,559,0.693204,0.000000000
725,187,121,19,0.023562,143,0.177331,9,0.011161,501,0.621280,0.000000000
728,187,121,27,0.033482,139,0.172371,8,0.009921,340,0.421627,0.000000000
731,187,121,19,0.023562,73,0.090526,10,0.012401,562,0.696925,0.000000000
734,187,121,25,0.031002,128,0.158730,11,0.013641,443,0.549355,0.000000000
737,187,121,32,0.039683,183,0.226935,10,0.012401,322,0.399306,0.000000000
743,187,121,36,0.044643,181,0.224454,9,0.011161,749,0.928819,0.000000000
746,187,121,34,0.042163,235,0.291419,9,0.011161,720,0.892857,0.000000000
749,187,121,124,0.153770,173,0.214534,9,0.011161,556,0.689484,0.000000000
752,187,121,35,0.043403,78,0.096726,11,0.013641,466,0.577877,0.000000000
755,187,121,115,0.142609,168,0.208333,9,0.011161,626,0.776290,0.000000000
761,187,121,50,0.062004,119,0.147569,10,0.012401,452,0.560516,0.000000000
764,187,121,26,0.032242,157,0.194692,8,0.009921,643,0.797371,0.000000000
767,187,121,27,0.033482,208,0.257937,9,0.011161,630,0.781250,0.000000000
770,187,121,86,0.106647,214,0.265377,10,0.012401,521,0.646081,0.000000000
773,187,121,97,0.120288,105,0.130208,8,0.009921,456,0.565476,0.000000000
779,187,121,31,0.038442,134,0.166171,11,0.013641,565,0.700645,0.000000000
782,187,121,25,0.031002,273,0.338542,10,0.012401,874,1.083829,0.000000000
785,187,121,46,0.057044,137,0.169891,8,0.009921,638,0.791171,0.000000000
788,187,121,54,0.066964,155,0.192212,8,0.009921,537,0.665923,0.000000000
791,187,121,42,0.052083,117,0.145089,10,0.012401,737,0.913938,0.000000000
797,187,121,33,0.040923,161,0.199653,10,0.012401,616,0.763889,0.000000000
800,187,121,25,0.031002,72,0.089286,9,0.011161,407,0.504712,0.000000000
803,187,121,38,0.047123,118,0.146329,11,0.013641,546,0.677083,0.000000000
806,187,121,31,0.038442,73,0.090526,8,0.009921,452,0.560516,0.000000000
809,187,121,88,0.109127,94,0.116567,10,0.012401,269,0.333581,0.000000000
815,187,121,84,0.104167,180,0.223214,9,0.011161,596,0.739087,0.000000000
818,187,121,23,0.028522,183,0.226935,8,0.009921,825,1.023065,0.000000000
821,187,121,102,0.126488,214,0.265377,10,0.012401,584,0.724206,0.000000000
824,187,121,82,0.101687,191,0.236855,11,0.013641,466,0.577877,0.000000000
827,187,121,135,0.167411,364,0.451389,9,0.011161,787,0.975942,0.000000000
833,187,121,29,0.035962,143,0.177331,10,0.012401,639,0.792411,0.000000000
836,187,121,72,0.089286,115,0.142609,10,0.012401,564,0.699405,0.000000000
839,187,121,163,0.202133,334,0.414187,8,0.009921,746,0.925099,0.000000000
842,187,121,21,0.026042,153,0.189732,10,0.012401,565,0.700645,0.000000000
845,187,121,32,0.039683,187,0.231895,9,0.011161,586,0.726687,0.000000000
851,187,121,26,0.032242,168,0.208333,8,0.009921,621,0.770089,0.000000000
854,187,121,50,0.062004,191,0.236855,9,0.011161,458,0.567956,0.000000000
857,187,121,70,0.086806,197,0.244296,8,0.009921,326,0.404266,0.000000000
860,187,121,32,0.039683,155,0.192212,10,0.012401,362,0.448909,0.000000000
863,187,121,27,0.033482,98,0.121528,10,0.012401,578,0.716766,0.000000000
869,187,121,26,0.032242,162,0.200893,9,0.011161,531,0.658482,0.000000000
872,187,121,19,0.023562,107,0.132688,10,0.012401,560,0.694444,0.000000000
875,187,121,25,0.031002,132,0.163690,10,0.012401,592,0.734127,0.000000000
878,187,121,76,0.094246,99,0.122768,9,0.011161,580,0.719246,0.000000000
881,187,121,25,0.031002,101,0.125248,8,0.009921,362,0.448909,0.000000000
887,187,121,27,0.033482,147,0.182292,8,0.009921,386,0.478671,0.000000000
890,187,121,25,0.031002,97,0.120288,8,0.009921,448,0.555556,0.000000000
893,187,121,27,0.033482,164,0.203373,8,0.009921,702,0.870536,0.000000000
896,187,121,99,0.122768,86,0.106647,10,0.012401,491,0.608879,0.000000000
899,187,121,26,0.032242,128,0.158730,10,0.012401,498,0.617560,0.000000000
905,187,121,25,0.031002,86,0.106647,9,0.011161,361,0.447669,0.000000000
908,187,121,25,0.031002,131,0.162450,9,0.011161,527,0.653522,0.000000000
911,187,121,17,0.021081,99,0.122768,9,0.011161,644,0.798611,0.000000000
914,187,121,30,0.037202,111,0.137649,9,0.011161,514,0.637401,0.000000000
917,187,121,82,0.101687,96,0.119048,10,0.012401,433,0.536954,0.000000000
923,187,121,25,0.031002,289,0.358383,8,0.009921,576,0.714286,0.000000000
926,187,121,71,0.088046,118,0.146329,8,0.009921,502,0.622520,0.000000000
929,187,121,107,0.132688,212,0.262897,10,0.012401,708,0.877976,0.000000000
932,187,121,67,0.083085,120,0.148810,9,0.011161,601,0.745288,0.000000000
935,187,121,99,0.122768,134,0.166171,8,0.009921,607,0.752728,0.000000000
941,187,121,27,0.033482,349,0.432788,11,0.013641,718,0.890377,0.000000000
944,187,121,204,0.252976,80,0.099206,9,0.011161,733,0.908978,0.000000000
947,187,121,31,0.038442,237,0.293899,9,0.011161,544,0.674603,0.000000000
950,187,121,31,0.038442,63,0.078125,8,0.009921,584,0.724206,0.000000000
953,187,121,109,0.135169,114,0.141369,9,0.011161,558,0.691964,0.000000000
959,187,121,36,0.044643,126,0.156250,9,0.011161,326,0.404266,0.000000000
962,187,121,23,0.028522,143,0.177331,8,0.009921,779,0.966022,0.000000000
965,187,121,82,0.101687,105,0.130208,9,0.011161,412,0.510913,0.000000000
968,187,121,84,0.104167,90,0.111607,10,0.012401,552,0.684524,0.000000000
971,187,121,32,0.039683,101,0.125248,9,0.011161,676,0.838294,0.000000000
977,187,121,25,0.031002,132,0.163690,9,0.011161,600,0.744048,0.000000000
980,187,121,69,0.085565,93,0.115327,9,0.011161,470,0.582837,0.000000000
983,187,121,31,0.038442,156,0.193452,9,0.011161,353,0.437748,0.000000000
986,187,121,20,0.024802,141,0.174851,9,0.011161,500,0.620040,0.000000000
989,187,121,34,0.042163,99,0.122768,10,0.012401,624,0.773810,0.000000000
995,187,121,25,0.031002,136,0.168651,10,0.012401,718,0.890377,0.000000000
998,187,121,25,0.031002,156,0.193452,9,0.011161,567,0.703125,0.000000000
1001,187,121,30,0.037202,164,0.203373,8,0.009921,402,0.498512,0.000000000
1004,187,121,23,0.028522,126,0.156250,10,0.012401,307,0.380704,0.000000000
1007,187,121,34,0.042163,108,0.133929,9,0.011161,605,0.750248,0.000000000
1013,187,121,34,0.042163,103,0.127728,9,0.011161,430,0.533234,0.000000000
1016,187,121,23,0.028522,141,0.174851,8,0.009921,518,0.642361,0.000000000
1019,187,121,86,0.106647,185,0.229415,10,0.012401,395,0.489831,0.000000000
1022,187,121,19,0.023562,86,0.106647,8,0.009921,418,0.518353,0.000000000
1025,187,121,105,0.130208,309,0.383185,10,0.012401,845,1.047867,0.000000000
1031,187,121,25,0.031002,136,0.168651,8,0.009921,435,0.539435,0.000000000
1034,187,121,19,0.023562,145,0.179812,10,0.012401,225,0.279018,0.000000000
1037,187,121,19,0.023562,155,0.192212,8,0.009921,506,0.627480,0.000000000
1040,187,121,35,0.043403,214,0.265377,10,0.012401,685,0.849454,0.000000000
1043,187,121,23,0.028522,113,0.140129,8,0.009921,457,0.566716,0.000000000
1049,187,121,18,0.022321,99,0.122768,9,0.011161,420,0.520833,0.000000000
1052,187,121,86,0.106647,111,0.137649,10,0.012401,689,0.854415,0.000000000
1055,187,121,28,0.034722,179,0.221974,9,0.011161,573,0.710565,0.000000000
1058,187,121,25,0.031002,114,0.141369,9,0.011161,466,0.577877,0.000000000
1061,187,121,28,0.034722,153,0.189732,9,0.011161,508,0.629960,0.000000000
1067,187,121,25,0.031002,161,0.199653,8,0.009921,462,0.572917,0.000000000
1070,187,121,93,0.115327,86,0.106647,8,0.009921,563,0.698165,0.000000000
1073,187,121,26,0.032242,170,0.210813,8,0.009921,789,0.978423,0.000000000
1076,187,121,25,0.031002,111,0.137649,10,0.012401,553,0.685764,0.000000000
1079,187,121,31,0.038442,185,0.229415,8,0.009921,647,0.802331,0.000000000
1085,187,121,27,0.033482,112,0.138889,8,0.009921,498,0.617560,0.000000000
1088,187,121,105,0.130208,82,0.101687,8,0.009921,725,0.899058,0.000000000
1091,187,121,35,0.043403,168,0.208333,11,0.013641,643,0.797371,0.000000000
1094,187,121,98,0.121528,88,0.109127,7,0.008681,495,0.613839,0.000000000
1097,187,121,101,0.125248,115,0.142609,8,0.009921,457,0.566716,0.000000000
1103,187,121,226,0.280258,180,0.223214,8,0.009921,828,1.026786,0.000000000
1106,187,121,86,0.106647,109,0.135169,8,0.009921,532,0.659722,0.000000000
1109,187,121,19,0.023562,132,0.163690,10,0.012401,604,0.749008,0.000000000
1112,187,121,23,0.028522,132,0.163690,7,0.008681,363,0.450149,0.000000000
1115,187,121,88,0.109127,105,0.130208,10,0.012401,462,0.572917,0.000000000
1121,187,121,28,0.034722,168,0.208333,8,0.009921,935,1.159474,0.000000000
1124,187,121,97,0.120288,101,0.125248,8,0.009921,538,0.667163,0.000000000
1127,187,121,145,0.179812,120,0.148810,9,0.011161,626,0.776290,0.000000000
1130,187,121,103,0.127728,327,0.405506,8,0.009921,722,0.895337,0.000000000
1133,187,121,103,0.127728,110,0.136409,9,0.011161,470,0.582837,0.000000000
1139,187,121,68,0.084325,115,0.142609,8,0.009921,427,0.529514,0.000000000
1142,187,121,75,0.093006,121,0.150050,8,0.009921,361,0.447669,0.000000000
1145,187,121,25,0.031002,161,0.199653,10,0.012401,477,0.591518,0.000000000
1148,187,121,82,0.101687,109,0.135169,9,0.011161,485,0.601438,0.000000000
1151,187,121,86,0.106647,176,0.218254,8,0.009921,700,0.868056,0.000000000
1157,187,121,32,0.039683,158,0.195933,9,0.011161,559,0.693204,0.000000000
1160,187,121,29,0.035962,133,0.164931,9,0.011161,504,0.625000,0.000000000
1163,187,121,65,0.080605,172,0.213294,9,0.011161,573,0.710565,0.000000000
1166,187,121,31,0.038442,124,0.153770,8,0.009921,475,0.589038,0.000000000
1169,187,121,25,0.031002,210,0.260417,8,0.009921,544,0.674603,0.000000000
1175,187,121,25,0.031002,189,0.234375,9,0.011161,431,0.534474,0.000000000
1178,187,121,19,0.023562,86,0.106647,11,0.013641,462,0.572917,0.000000000
1181,187,121,26,0.032242,300,0.372024,8,0.009921,790,0.979663,0.000000000
1184,187,121,30,0.037202,168,0.208333,8,0.009921,493,0.611359,0.000000000
1187,187,121,19,0.023562,57,0.070685,11,0.013641,153,0.189732,0.000000000
1193,187,121,25,0.031002,120,0.148810,8,0.009921,381,0.472470,0.000000000
1196,187,121,30,0.037202,158,0.195933,9,0.011161,565,0.700645,0.000000000
1199,187,121,23,0.028522,130,0.161210,8,0.009921,574,0.711806,0.000000000
1202,187,121,17,0.021081,101,0.125248,10,0.012401,458,0.567956,0.000000000
1205,187,121,18,0.022321,103,0.127728,9,0.011161,332,0.411706,0.000000000
1211,187,121,17,0.021081,115,0.142609,10,0.012401,399,0.494792,0.000000000
1214,187,121,30,0.037202,135,0.167411,9,0.011161,636,0.788690,0.000000000
1217,187,121,19,0.023562,103,0.127728,8,0.009921,428,0.530754,0.000000000
1220,187,121,25,0.031002,82,0.101687,9,0.011161,474,0.587798,0.000000000
1223,187,121,92,0.114087,119,0.147569,10,0.012401,603,0.747768,0.000000000
1229,187,121,17,0.021081,185,0.229415,8,0.009921,630,0.781250,0.000000000
1232,187,121,36,0.044643,220,0.272817,10,0.012401,435,0.539435,0.000000000
1235,187,121,17,0.021081,105,0.130208,9,0.011161,815,1.010665,0.000000000
1238,187,121,17,0.021081,78,0.096726,10,0.012401,544,0.674603,0.000000000
1241,187,121,101,0.125248,160,0.198413,9,0.011161,592,0.734127,0.000000000
1247,187,121,35,0.043403,132,0.163690,10,0.012401,555,0.688244,0.000000000
1250,187,121,80,0.099206,90,0.111607,8,0.009921,549,0.680804,0.000000000
1253,187,121,94,0.116567,214,0.265377,8,0.009921,410,0.508433,0.000000000
1256,187,121,21,0.026042,105,0.130208,8,0.009921,199,0.246776,0.000000000
1259,187,121,19,0.023562,128,0.158730,9,0.011161,468,0.580357,0.000000000
1265,187,121,27,0.033482,113,0.140129,10,0.012401,565,0.700645,0.000000000
1268,187,121,15,0.018601,124,0.153770,9,0.011161,685,0.849454,0.000000000
1271,187,121,35,0.043403,120,0.148810,8,0.009921,389,0.482391,0.000000000
1274,187,121,19,0.023562,107,0.132688,10,0.012401,649,0.804812,0.000000000
1277,187,121,105,0.130208,159,0.197173,10,0.012401,525,0.651042,0.000000000
1283,187,121,14,0.017361,166,0.205853,11,0.013641,588,0.729167,0.000000000
1286,187,121,33,0.040923,109,0.135169,10,0.012401,516,0.639881,0.000000000
1289,187,121,19,0.023562,139,0.172371,8,0.009921,539,0.668403,0.000000000
1292,187,121,91,0.112847,113,0.140129,8,0.009921,546,0.677083,0.000000000
1295,187,121,82,0.101687,97,0.120288,11,0.013641,508,0.629960,0.000000000
1301,187,121,19,0.023562,292,0.362103,8,0.009921,762,0.944940,0.000000000
1304,187,121,90,0.111607,164,0.203373,9,0.011161,573,0.710565,0.000000000
1307,187,121,95,0.117808,181,0.224454,9,0.011161,508,0.629960,0.000000000
1310,187,121,21,0.026042,163,0.202133,10,0.012401,551,0.683284,0.000000000
1313,187,121,97,0.120288,210,0.260417,11,0.013641,1002,1.242560,0.000000000
1319,187,121,19,0.023562,137,0.169891,9,0.011161,796,0.987103,0.000000000
1322,187,121,88,0.109127,135,0.167411,7,0.008681,642,0.796131,0.000000000
1325,187,121,105,0.130208,154,0.190972,9,0.011161,825,1.023065,0.000000000
1328,187,121,105,0.130208,143,0.177331,8,0.009921,611,0.757688,0.000000000
1331,187,121,101,0.125248,279,0.345982,10,0.012401,903,1.119792,0.000000000
1337,187,121,21,0.026042,113,0.140129,8,0.009921,542,0.672123,0.000000000
1340,187,121,25,0.031002,31,0.038442,8,0.009921,536,0.664683,0.000000000
1343,187,121,19,0.023562,77,0.095486,10,0.012401,471,0.584077,0.000000000
1346,187,121,21,0.026042,124,0.153770,10,0.012401,711,0.881696,0.000000000
1349,187,121,32,0.039683,120,0.148810,9,0.011161,621,0.770089,0.000000000
1355,187,121,34,0.042163,141,0.174851,9,0.011161,533,0.660962,0.000000000
1358,187,121,25,0.031002,149,0.184772,11,0.013641,693,0.859375,0.000000000
1361,187,121,32,0.039683,279,0.345982,10,0.012401,723,0.896577,0.000000000
1364,187,121,84,0.104167,134,0.166171,10,0.012401,431,0.534474,0.000000000
1367,187,121,40,0.049603,174,0.215774,10,0.012401,719,0.891617,0.000000000
1373,187,121,101,0.125248,187,0.231895,12,0.014881,622,0.771329,0.000000000
1376,187,121,25,0.031002,145,0.179812,11,0.013641,500,0.620040,0.000000000
1379,187,121,32,0.039683,128,0.158730,10,0.012401,412,0.510913,0.000000000
1382,187,121,19,0.023562,100,0.124008,10,0.012401,542,0.672123,0.000000000
1385,187,121,96,0.119048,117,0.145089,8,0.009921,422,0.523313,0.000000000
1391,187,121,33,0.040923,838,1.039187,10,0.012401,1500,1.860119,0.000000000
1394,187,121,91,0.112847,122,0.151290,10,0.012401,500,0.620040,0.000000000
1397,187,121,29,0.035962,138,0.171131,8,0.009921,674,0.835813,0.000000000
1400,187,121,32,0.039683,93,0.115327,9,0.011161,491,0.608879,0.000000000
1403,187,121,33,0.040923,206,0.255456,8,0.009921,983,1.218998,0.000000000
1409,187,121,92,0.114087,159,0.197173,9,0.011161,800,0.992063,0.000000000
1412,187,121,15,0.018601,134,0.166171,10,0.012401,654,0.811012,0.000000000
1415,187,121,90,0.111607,103,0.127728,8,0.009921,542,0.672123,0.000000000
1418,187,121,82,0.101687,105,0.130208,9,0.011161,516,0.639881,0.000000000
1421,187,121,25,0.031002,187,0.231895,9,0.011161,634,0.786210,0.000000000
1427,187,121,26,0.032242,128,0.158730,8,0.009921,521,0.646081,0.000000000
1430,187,121,29,0.035962,95,0.117808,9,0.011161,466,0.577877,0.000000000
1433,187,121,40,0.049603,110,0.136409,10,0.012401,739,0.916419,0.000000000
1436,187,121,32,0.039683,97,0.120288,10,0.012401,420,0.520833,0.000000000
1439,187,121,33,0.040923,176,0.218254,10,0.012401,567,0.703125,0.000000000
1445,187,121,37,0.045883,113,0.140129,9,0.011161,498,0.617560,0.000000000
1448,187,121,23,0.028522,111,0.137649,8,0.009921,512,0.634921,0.000000000
1451,187,121,25,0.031002,111,0.137649,10,0.012401,420,0.520833,0.000000000
1454,187,121,27,0.033482,352,0.436508,10,0.012401,907,1.124752,0.000000000
1457,187,121,31,0.038442,212,0.262897,9,0.011161,689,0.854415,0.000000000
1463,187,121,38,0.047123,113,0.140129,10,0.012401,515,0.638641,0.000000000
1466,187,121,31,0.038442,277,0.343502,10,0.012401,584,0.724206,0.000000000
1469,187,121,36,0.044643,137,0.169891,9,0.011161,563,0.698165,0.000000000
1472,187,121,24,0.029762,198,0.245536,9,0.011161,502,0.622520,0.000000000
1475,187,121,103,0.127728,110,0.136409,8,0.009921,538,0.667163,0.000000000
1481,187,121,96,0.119048,208,0.257937,9,0.011161,577,0.715526,0.000000000
1484,187,121,40,0.049603,166,0.205853,10,0.012401,649,0.804812,0.000000000
1487,187,121,59,0.073165,153,0.189732,10,0.012401,754,0.935020,0.000000000
1490,187,121,34,0.042163,93,0.115327,10,0.012401,584,0.724206,0.000000000
1493,187,121,42,0.052083,233,0.288938,11,0.013641,813,1.008185,0.000000000
1499,187,121,67,0.083085,109,0.135169,10,0.012401,472,0.585317,0.000000000
1502,187,121,44,0.054563,139,0.172371,10,0.012401,620,0.768849,0.000000000
1505,187,121,33,0.040923,191,0.236855,11,0.013641,727,0.901538,0.000000000
1508,187,121,23,0.028522,84,0.104167,9,0.011161,416,0.515873,0.000000000
1511,187,121,103,0.127728,91,0.112847,10,0.012401,795,0.985863,0.000000000
1517,187,121,33,0.040923,136,0.168651,10,0.012401,510,0.632440,0.000000000
1520,187,121,275,0.341022,634,0.786210,8,0.009921,1318,1.634425,0.000000000
1523,187,121,33,0.040923,124,0.153770,10,0.012401,767,0.951141,0.000000000
1526,187,121,19,0.023562,133,0.164931,10,0.012401,584,0.724206,0.000000000
1529,187,121,26,0.032242,149,0.184772,8,0.009921,446,0.553075,0.000000000
1535,187,121,28,0.034722,185,0.229415,8,0.009921,664,0.823413,0.000000000
1538,187,121,31,0.038442,92,0.114087,10,0.012401,601,0.745288,0.000000000
1541,187,121,32,0.039683,233,0.288938,11,0.013641,666,0.825893,0.000000000
1544,187,121,116,0.143849,147,0.182292,10,0.012401,446,0.553075,0.000000000
1547,187,121,32,0.039683,97,0.120288,10,0.012401,196,0.243056,0.000000000
1553,187,121,32,0.039683,220,0.272817,8,0.009921,714,0.885417,0.000000000
1556,187,121,53,0.065724,103,0.127728,10,0.012401,468,0.580357,0.000000000
1559,187,121,32,0.039683,179,0.221974,11,0.013641,760,0.942460,0.000000000
1562,187,121,84,0.104167,180,0.223214,9,0.011161,666,0.825893,0.000000000
1565,187,121,247,0.306300,408,0.505952,11,0.013641,2308,2.862103,0.000000000
1571,187,121,25,0.031002,195,0.241815,10,0.012401,586,0.726687,0.000000000
1574,187,121,25,0.031002,119,0.147569,9,0.011161,493,0.611359,0.000000000
1577,187,121,107,0.132688,270,0.334821,9,0.011161,688,0.853175,0.000000000
1580,187,121,26,0.032242,162,0.200893,9,0.011161,346,0.429067,0.000000000
1583,187,121,82,0.101687,38,0.047123,9,0.011161,647,0.802331,0.000000000
1589,187,121,26,0.032242,174,0.215774,10,0.012401,645,0.799851,0.000000000
1592,187,121,99,0.122768,129,0.159970,9,0.011161,577,0.715526,0.000000000
1595,187,121,103,0.127728,139,0.172371,10,0.012401,559,0.693204,0.000000000
1598,187,121,32,0.039683,120,0.148810,8,0.009921,215,0.266617,0.000000000
1601,187,121,38,0.047123,141,0.174851,9,0.011161,594,0.736607,0.000000000
1607,187,121,110,0.136409,111,0.137649,9,0.011161,619,0.767609,0.000000000
1610,187,121,79,0.097966,242,0.300099,9,0.011161,811,1.005704,0.000000000
1613,187,121,34,0.042163,148,0.183532,11,0.013641,554,0.687004,0.000000000
1616,187,121,38,0.047123,95,0.117808,10,0.012401,619,0.767609,0.000000000
1619,187,121,91,0.112847,122,0.151290,10,0.012401,437,0.541915,0.000000000
1625,187,121,24,0.029762,208,0.257937,8,0.009921,464,0.575397,0.000000000
1628,187,121,94,0.116567,122,0.151290,9,0.011161,617,0.765129,0.000000000
1631,187,121,34,0.042163,111,0.137649,9,0.011161,634,0.786210,0.000000000
1634,187,121,25,0.031002,101,0.125248,10,0.012401,369,0.457589,0.000000000
1637,187,121,98,0.121528,126,0.156250,8,0.009921,402,0.498512,0.000000000
1643,187,121,32,0.039683,185,0.229415,8,0.009921,609,0.755208,0.000000000
1646,187,121,27,0.033482,90,0.111607,10,0.012401,529,0.656002,0.000000000
1649,187,121,91,0.112847,179,0.221974,8,0.009921,802,0.994544,0.000000000
1652,187,121,25,0.031002,123,0.152530,11,0.013641,647,0.802331,0.000000000
1655,187,121,32,0.039683,179,0.221974,10,0.012401,664,0.823413,0.000000000
1661,187,121,32,0.039683,181,0.224454,10,0.012401,688,0.853175,0.000000000
1664,187,121,25,0.031002,115,0.142609,11,0.013641,557,0.690724,0.000000000
1667,187,121,26,0.032242,193,0.239335,8,0.009921,620,0.768849,0.000000000
1670,187,121,24,0.029762,122,0.151290,10,0.012401,450,0.558036,0.000000000
1673,187,121,42,0.052083,165,0.204613,9,0.011161,672,0.833333,0.000000000
1679,187,121,19,0.023562,163,0.202133,9,0.011161,615,0.762649,0.000000000
1682,187,121,71,0.088046,164,0.203373,10,0.012401,678,0.840774,0.000000000
1685,187,121,34,0.042163,84,0.104167,9,0.011161,445,0.551835,0.000000000
1688,187,121,101,0.125248,156,0.193452,10,0.012401,868,1.076389,0.000000000
1691,187,121,102,0.126488,120,0.148810,9,0.011161,483,0.598958,0.000000000
1697,187,121,17,0.021081,189,0.234375,11,0.013641,766,0.949901,0.000000000
1700,187,121,96,0.119048,132,0.163690,8,0.009921,551,0.683284,0.000000000
1703,187,121,76,0.094246,114,0.141369,9,0.011161,603,0.747768,0.000000000
1706,187,121,21,0.026042,179,0.221974,9,0.011161,621,0.770089,0.000000000
1709,187,121,26,0.032242,137,0.169891,9,0.011161,773,0.958581,0.000000000
1715,187,121,198,0.245536,110,0.136409,9,0.011161,537,0.665923,0.000000000
1718,187,121,101,0.125248,74,0.091766,8,0.009921,429,0.531994,0.000000000
1721,187,121,91,0.112847,246,0.305060,10,0.012401,727,0.901538,0.000000000
1724,187,121,84,0.104167,101,0.125248,9,0.011161,275,0.341022,0.000000000
1727,187,121,25,0.031002,126,0.156250,9,0.011161,483,0.598958,0.000000000
1733,187,121,124,0.153770,185,0.229415,9,0.011161,796,0.987103,0.000000000
1736,187,121,31,0.038442,99,0.122768,10,0.012401,359,0.445188,0.000000000
1739,187,121,34,0.042163,139,0.172371,10,0.012401,644,0.798611,0.000000000
1742,187,121,35,0.043403,174,0.215774,10,0.012401,771,0.956101,0.000000000
1745,187,121,123,0.152530,151,0.187252,10,0.012401,489,0.606399,0.000000000
1751,187,121,95,0.117808,240,0.297619,10,0.012401,544,0.674603,0.000000000
1754,187,121,74,0.091766,93,0.115327,9,0.011161,235,0.291419,0.000000000
1757,187,121,36,0.044643,166,0.205853,10,0.012401,611,0.757688,0.000000000
1760,187,121,71,0.088046,103,0.127728,9,0.011161,619,0.767609,0.000000000
1763,187,121,38,0.047123,185,0.229415,9,0.011161,709,0.879216,0.000000000
1769,187,121,98,0.121528,103,0.127728,9,0.011161,609,0.755208,0.000000000
1772,187,121,34,0.042163,296,0.367063,11,0.013641,879,1.090030,0.000000000
1775,187,121,76,0.094246,126,0.156250,9,0.011161,678,0.840774,0.000000000
1778,187,121,128,0.158730,120,0.148810,8,0.009921,656,0.813492,0.000000000
1781,187,121,31,0.038442,111,0.137649,10,0.012401,280,0.347222,0.000000000
1787,187,121,33,0.040923,208,0.257937,9,0.011161,667,0.827133,0.000000000
1790,187,121,44,0.054563,109,0.135169,9,0.011161,590,0.731647,0.000000000
1793,187,121,26,0.032242,158,0.195933,9,0.011161,329,0.407986,0.000000000
1796,187,121,96,0.119048,117,0.145089,8,0.009921,643,0.797371,0.000000000
1799,187,121,21,0.026042,134,0.166171,10,0.012401,594,0.736607,0.000000000
1805,187,121,29,0.035962,105,0.130208,9,0.011161,285,0.353423,0.000000000
1808,187,121,32,0.039683,187,0.231895,10,0.012401,504,0.625000,0.000000000
1811,187,121,84,0.104167,123,0.152530,11,0.013641,579,0.718006,0.000000000
1814,187,121,17,0.021081,177,0.219494,8,0.009921,791,0.980903,0.000000000
1817,187,121,89,0.110367,135,0.167411,9,0.011161,626,0.776290,0.000000000
1823,187,121,19,0.023562,92,0.114087,9,0.011161,607,0.752728,0.000000000
1826,187,121,27,0.033482,121,0.150050,9,0.011161,514,0.637401,0.000000000
1829,187,121,95,0.117808,131,0.162450,9,0.011161,964,1.195437,0.000000000
1832,187,121,25,0.031002,111,0.137649,8,0.009921,591,0.732887,0.000000000
1835,187,121,28,0.034722,290,0.359623,12,0.014881,1054,1.307044,0.000000000
1841,187,121,36,0.044643,282,0.349702,11,0.013641,789,0.978423,0.000000000
1844,187,121,23,0.028522,136,0.168651,12,0.014881,765,0.948661,0.000000000
1847,187,121,40,0.049603,147,0.182292,10,0.012401,700,0.868056,0.000000000
1850,187,121,99,0.122768,118,0.146329,10,0.012401,647,0.802331,0.000000000
1853,187,121,95,0.117808,122,0.151290,10,0.012401,450,0.558036,0.000000000
1859,187,121,103,0.127728,139,0.172371,9,0.011161,617,0.765129,0.000000000
1862,187,121,21,0.026042,203,0.251736,11,0.013641,743,0.921379,0.000000000
1865,187,121,42,0.052083,107,0.132688,9,0.011161,668,0.828373,0.000000000
1868,187,121,32,0.039683,189,0.234375,10,0.012401,826,1.024306,0.000000000
1871,187,121,40,0.049603,190,0.235615,9,0.011161,693,0.859375,0.000000000
1877,187,121,102,0.126488,107,0.132688,10,0.012401,515,0.638641,0.000000000
1880,187,121,91,0.112847,208,0.257937,10,0.012401,517,0.641121,0.000000000
1883,187,121,65,0.080605,82,0.101687,10,0.012401,819,1.015625,0.000000000
1886,187,121,38,0.047123,122,0.151290,10,0.012401,556,0.689484,0.000000000
1889,187,121,51,0.063244,134,0.166171,11,0.013641,546,0.677083,0.000000000
1895,187,121,32,0.039683,116,0.143849,10,0.012401,494,0.612599,0.000000000
1898,187,121,38,0.047123,183,0.226935,10,0.012401,807,1.000744,0.000000000
1901,187,121,23,0.028522,103,0.127728,10,0.012401,473,0.586558,0.000000000
1904,187,121,143,0.177331,117,0.145089,8,0.009921,519,0.643601,0.000000000
1907,187,121,31,0.038442,157,0.194692,9,0.011161,575,0.713046,0.000000000
1913,187,121,35,0.043403,256,0.317460,10,0.012401,704,0.873016,0.000000000
1916,187,121,33,0.040923,245,0.303819,8,0.009921,534,0.662202,0.000000000
1919,187,121,95,0.117808,137,0.169891,8,0.009921,546,0.677083,0.000000000
1922,187,121,113,0.140129,210,0.260417,11,0.013641,649,0.804812,0.000000000
1925,187,121,31,0.038442,272,0.337302,11,0.013641,745,0.923859,0.000000000
1931,187,121,38,0.047123,151,0.187252,8,0.009921,676,0.838294,0.000000000
1934,187,121,23,0.028522,195,0.241815,11,0.013641,987,1.223958,0.000000000
1937,187,121,90,0.111607,193,0.239335,10,0.012401,532,0.659722,0.000000000
1940,187,121,42,0.052083,189,0.234375,10,0.012401,582,0.721726,0.000000000
1943,187,121,40,0.049603,115,0.142609,8,0.009921,395,0.489831,0.000000000
1949,187,121,126,0.156250,168,0.208333,8,0.009921,611,0.757688,0.000000000
1952,187,121,132,0.163690,113,0.140129,8,0.009921,487,0.603919,0.000000000
1955,187,121,34,0.042163,108,0.133929,9,0.011161,724,0.897817,0.000000000
1958,187,121,78,0.096726,118,0.146329,10,0.012401,542,0.672123,0.000000000
1961,187,121,25,0.031002,153,0.189732,10,0.012401,542,0.672123,0.000000000
1967,187,121,90,0.111607,139,0.172371,8,0.009921,544,0.674603,0.000000000
1970,187,121,94,0.116567,126,0.156250,11,0.013641,577,0.715526,0.000000000
1973,187,121,19,0.023562,184,0.228175,11,0.013641,386,0.478671,0.000000000
1976,187,121,30,0.037202,198,0.245536,11,0.013641,552,0.684524,0.000000000
1979,187,121,25,0.031002,183,0.226935,9,0.011161,783,0.970982,0.000000000
1985,187,121,19,0.023562,86,0.106647,10,0.012401,486,0.602679,0.000000000
1988,187,121,25,0.031002,139,0.172371,8,0.009921,567,0.703125,0.000000000
1991,187,121,112,0.138889,214,0.265377,9,0.011161,609,0.755208,0.000000000
1994,187,121,25,0.031002,178,0.220734,8,0.009921,481,0.596478,0.000000000
1997,187,121,26,0.032242,124,0.153770,10,0.012401,672,0.833333,0.000000000
2003,187,121,19,0.023562,93,0.115327,10,0.012401,363,0.450149,0.000000000
2006,187,121,73,0.090526,140,0.173611,9,0.011161,626,0.776290,0.000000000
2009,187,121,19,0.023562,103,0.127728,10,0.012401,597,0.740327,0.000000000
2012,187,121,61,0.075645,126,0.156250,9,0.011161,802,0.994544,0.000000000
2015,187,121,93,0.115327,130,0.161210,9,0.011161,598,0.741567,0.000000000
2021,187,121,38,0.047123,113,0.140129,10,0.012401,733,0.908978,0.000000000
2024,187,121,25,0.031002,172,0.213294,8,0.009921,689,0.854415,0.000000000
2027,187,121,26,0.032242,82,0.101687,8,0.009921,555,0.688244,0.000000000
2030,187,121,26,0.032242,166,0.205853,8,0.009921,368,0.456349,0.000000000
2033,187,121,82,0.101687,69,0.085565,8,0.009921,670,0.830853,0.000000000
2039,187,121,19,0.023562,147,0.182292,8,0.009921,721,0.894097,0.000000000
2042,187,121,70,0.086806,114,0.141369,12,0.014881,866,1.073909,0.000000000
2045,187,121,49,0.060764,206,0.255456,10,0.012401,685,0.849454,0.000000000
2048,187,121,155,0.192212,172,0.213294,11,0.013641,750,0.930060,0.000000000
2051,187,121,144,0.178571,124,0.153770,10,0.012401,538,0.667163,0.000000000
2057,187,121,50,0.062004,254,0.314980,9,0.011161,682,0.845734,0.000000000
2060,187,121,34,0.042163,124,0.153770,10,0.012401,580,0.719246,0.000000000
2063,187,121,98,0.121528,117,0.145089,9,0.011161,592,0.734127,0.000000000
2066,187,121,109,0.135169,140,0.173611,11,0.013641,657,0.814732,0.000000000
2069,187,121,95,0.117808,177,0.219494,8,0.009921,479,0.593998,0.000000000
2075,187,121,38,0.047123,197,0.244296,11,0.013641,617,0.765129,0.000000000
2078,187,121,33,0.040923,315,0.390625,10,0.012401,672,0.833333,0.000000000
2081,187,121,25,0.031002,115,0.142609,9,0.011161,508,0.629960,0.000000000
2084,187,121,32,0.039683,212,0.262897,9,0.011161,470,0.582837,0.000000000
2087,187,121,21,0.026042,121,0.150050,8,0.009921,517,0.641121,0.000000000
2093,187,121,26,0.032242,225,0.279018,9,0.011161,605,0.750248,0.000000000
2096,187,121,29,0.035962,141,0.174851,10,0.012401,622,0.771329,0.000000000
2099,187,121,30,0.037202,122,0.151290,10,0.012401,561,0.695685,0.000000000
2102,187,121,107,0.132688,149,0.184772,10,0.012401,630,0.781250,0.000000000
2105,187,121,27,0.033482,118,0.146329,8,0.009921,492,0.610119,0.000000000
2111,187,121,31,0.038442,168,0.208333,9,0.011161,666,0.825893,0.000000000
2114,187,121,38,0.047123,156,0.193452,11,0.013641,682,0.845734,0.000000000
2117,187,121,36,0.044643,145,0.179812,10,0.012401,592,0.734127,0.000000000
2120,187,121,47,0.058284,136,0.168651,8,0.009921,626,0.776290,0.000000000
2123,187,121,72,0.089286,151,0.187252,9,0.011161,710,0.880456,0.000000000
2129,187,121,44,0.054563,152,0.188492,9,0.011161,544,0.674603,0.000000000
2132,187,121,99,0.122768,95,0.117808,9,0.011161,445,0.551835,0.000000000
2135,187,121,35,0.043403,136,0.168651,9,0.011161,432,0.535714,0.000000000
2138,187,121,35,0.043403,149,0.184772,10,0.012401,1028,1.274802,0.000000000
2141,187,121,134,0.166171,130,0.161210,8,0.009921,416,0.515873,0.000000000
2147,187,121,30,0.037202,183,0.226935,12,0.014881,752,0.932540,0.000000000
2150,187,121,65,0.080605,82,0.101687,10,0.012401,525,0.651042,0.000000000
2153,187,121,20,0.024802,96,0.119048,11,0.013641,468,0.580357,0.000000000
2156,187,121,115,0.142609,147,0.182292,9,0.011161,344,0.426587,0.000000000
2159,187,121,21,0.026042,84,0.104167,9,0.011161,552,0.684524,0.000000000
2165,187,121,19,0.023562,84,0.104167,10,0.012401,357,0.442708,0.000000000
2168,187,121,29,0.035962,260,0.322421,8,0.009921,733,0.908978,0.000000000
2171,187,121,134,0.166171,92,0.114087,10,0.012401,372,0.461310,0.000000000
2174,187,121,28,0.034722,200,0.248016,9,0.011161,682,0.845734,0.000000000
2177,187,121,25,0.031002,168,0.208333,8,0.009921,553,0.685764,0.000000000
2183,187,121,27,0.033482,124,0.153770,10,0.012401,496,0.615079,0.000000000
2186,187,121,21,0.026042,109,0.135169,10,0.012401,374,0.463790,0.000000000
2189,187,121,34,0.042163,198,0.245536,12,0.014881,674,0.835813,0.000000000
2192,187,121,82,0.101687,191,0.236855,11,0.013641,623,0.772569,0.000000000
2195,187,121,30,0.037202,124,0.153770,10,0.012401,805,0.998264,0.000000000
2201,187,121,42,0.05208